time,月,火,水,木,金,土,日
07:00-08:00,前田,織田,雑賀,織田,滝川,羽柴,羽柴
08:00-09:00,前田,織田,雑賀,織田,滝川,羽柴,羽柴
09:00-10:00,前田,織田,雑賀,織田,滝川,羽柴,羽柴
10:00-11:00,丹羽,織田,雑賀,織田,滝川,滝川,羽柴
11:00-12:00,丹羽,織田,雑賀,織田,滝川,滝川,羽柴
12:00-13:00,柴田,羽柴,森,織田,滝川,滝川,羽柴
13:00-14:00,柴田,羽柴,竹中,織田,雑賀,前田,羽柴
14:00-15:00,柴田,羽柴,竹中,織田,雑賀,前田,柴田
15:00-16:00,雑賀,前田,竹中,柴田,雑賀,前田,柴田
16:00-17:00,雑賀,前田,竹中,柴田,雑賀,前田,柴田
17:00-18:00,雑賀,前田,滝川,柴田,雑賀,黒田,柴田
18:00-19:00,森,前田,滝川,柴田,森,黒田,柴田
19:00-20:00,森,前田,滝川,丹羽,森,黒田,柴田
20:00-21:00,森,前田,滝川,丹羽,森,黒田,丹羽
21:00-22:00,竹中,丹羽,黒田,丹羽,森,黒田,丹羽
22:00-23:00,竹中,丹羽,黒田,丹羽,森,黒田,丹羽
23:00-24:00,竹中,丹羽,黒田,丹羽,森,黒田,竹中
